{"cameraMode":{"drawMode":0,"name":"Shaded","section":"Shading Mode"},"sceneLighting":false,"audioPlay":false,"sceneViewState":{"showFog":true,"showMaterialUpdate":false,"showSkybox":false,"showFlares":true,"showImageEffects":true,"showParticleSystems":true},"in2DMode":false,"pivot":{"x":-0.10214865207672119,"y":10.023004531860352,"z":-7.275619029998779},"rotation":{"x":0.21310113370418549,"y":-0.6857131123542786,"z":0.22138036787509919,"w":0.6599414944648743},"size":3.4330122470855715,"orthographic":false}